insert into genres (genre_id, name) values
(1, 'Русский рок'),
(2, 'Поп'),
(3, 'Рэп');

insert into artists (artist_id, name) values
(1, 'Сплин'),
(2, 'Ария'),
(3, 'Леди Гага'),
(4, 'Мадонна'),
(5, 'Noize MC'),
(6, 'Макс Корж'),
(7, 'МакSим'),
(8, 'Тима Белорусских');

insert into genreartist (genre_id, artist_id) values
(1, 1),
(1, 2),
(2, 3),
(2, 4),
(3, 5),
(3, 6),
(2, 7),
(2, 8);

insert into albums (album_id, name, year) values
(1, 'Гранатовый альбом', 1998),
(2, 'Беспечный ангел', 2004),
(3, 'Born This Way', 2011),
(4, 'American Life', 2003),
(5, 'Последний альбом', 2010),
(6, 'Жить в кайф', 2013),
(7, 'Малый повзрослел ч.2', 2017),
(8, 'Трудный возраст', 2006),
(9, 'The Immaculate Collection', 1990),
(10, 'Chromatica', 2020),
(11, 'Твой первый диск — моя кассета', 2019);

insert into albumartist (album_id, artist_id) values
(1, 1),
(2, 2),
(3, 3),
(4, 4),
(5, 5),
(6, 6),
(7, 6),
(8, 7),
(9, 4),
(10, 3),
(11, 8);

insert into tracks (track_id, album_id, name, duration) values
(1, 1, 'Выхода нет', 221),
(2, 1, 'Весь этот бред', 181),
(3, 2, 'Осколок льда', 326),
(4, 3, 'You and I', 307),
(5, 5, 'Ты не считаешь', 275),
(6, 5, 'Устрой дестрой', 239),
(7, 6, 'Тает дым', 206),
(8, 7, 'Молодость всё прощает', 183),
(9, 4, 'Hollywod', 279),
(10, 8, 'Знаешь ли ты', 242),
(11, 9, 'Justify My Love', 300),
(12, 10, 'Sour Candy', 158),
(13, 11, 'Возвращаться уже поздно', 200),
(14, 11, 'Повторим', 157);

insert into compilations (compilation_id, name, year) values
(1, 'Легенды русского рока', 2010),
(3, 'Русский рэп', 2014),
(4, 'Хиты 2000-х', 2008),
(2, 'Музыка для танцев', 2018);

insert into compilationtrack (compilation_id, track_id) values
(1, 1),
(1, 2),
(1, 3),
(2, 4),
(2, 9),
(2, 6),
(3, 5),
(3, 6),
(3, 7),
(3, 8),
(4, 9),
(4, 10),
(2, 13);

